VehicleID,Amount (Million Naira)
VHL18518,5.878396
VHL17149,6.5038114
VHL10927,4.0834503
VHL12909,4.9876895
VHL12348,8.988946
VHL10798,34.081627
VHL11022,3.0035577
VHL12206,6.517469
VHL11697,11.267527
VHL12313,6.53662
VHL13411,18.027407
VHL14334,4.152932
VHL14302,5.991479
VHL13979,5.1517763
VHL12272,0.9479085
VHL15071,7.8292446
VHL19166,5.166661
VHL10471,2.8280277
VHL18431,1.9614496
VHL12325,7.7325373
VHL15657,3.2835467
VHL13667,19.180834
VHL18913,7.376777
VHL13273,15.205752
VHL16576,-0.170861
VHL15506,4.527783
VHL10460,36.025673
VHL16050,0.16717795
VHL17918,5.6433024
VHL12992,5.795162
VHL10261,12.035848
VHL18348,7.1245594
VHL11577,6.6784096
VHL16957,0.4987983
VHL16165,16.851765
VHL11441,6.261284
VHL19990,2.9173825
VHL14072,4.7529516
VHL13637,1.0511849
VHL10757,18.412111
VHL12657,10.699809
VHL19939,14.090722
VHL12094,11.625488
VHL17177,3.5672345
VHL16720,12.95556
VHL11478,26.62869
VHL14386,10.733983
VHL11341,8.605057
VHL18683,10.090887
VHL13430,19.530382
VHL18932,4.297389
VHL17505,8.355629
VHL16272,5.320439
VHL14777,3.0624683
VHL13186,9.038572
VHL19383,0.7474865
VHL14605,9.977441
VHL11440,20.770496
VHL14303,12.603471
VHL19478,5.62068
VHL17837,2.5199997
VHL12824,4.3824596
VHL17476,4.7541943
VHL18988,2.3182747
VHL19482,6.9213095
VHL13263,3.2304878
VHL17078,7.3627596
VHL19170,3.9632804
VHL18070,3.4038873
VHL18061,13.314195
VHL10726,3.6070793
VHL19212,2.4693894
VHL13283,2.7725723
VHL14023,6.9225936
VHL16973,31.875843
VHL19653,15.1855345
VHL18605,12.163405
VHL13287,9.512862
VHL15719,2.1123166
VHL19636,6.5384173
VHL11009,14.198048
VHL18087,4.713413
VHL14422,4.2797127
VHL15789,17.311062
VHL12369,6.347908
VHL15812,4.9178553
VHL18767,233.5163
VHL19271,20.909271
VHL17403,3.6831205
VHL12967,3.5508559
VHL19998,8.545526
VHL12336,2.9888792
VHL10328,2.8123102
VHL18908,1.6115301
VHL11127,6.3441586
VHL12655,16.679949
VHL19086,52.858723
VHL10384,12.345607
VHL15712,15.192056
VHL11054,18.315733
VHL16505,6.401785
VHL10534,3.8107903
VHL14120,2.5131755
VHL10206,6.645601
VHL13595,11.806573
VHL15887,6.5617566
VHL12672,4.3045835
VHL19770,5.9289947
VHL13026,11.317838
VHL12635,7.0688267
VHL14014,4.5710225
VHL19238,4.9178553
VHL18156,4.3791294
VHL13087,5.2577252
VHL13743,1.3519063
VHL19323,113.87576
VHL16129,6.176607
VHL17626,6.3947744
VHL14525,0.42992845
VHL15597,64.041245
VHL19429,6.391809
VHL14074,11.843973
VHL17422,62.755466
VHL11861,35.356705
VHL19828,26.788473
VHL14000,3.4676995
VHL12312,6.6825595
VHL16257,2.863415
VHL14859,7.6377683
VHL16048,2.7130847
VHL14039,0.09712911
VHL10296,1.6115301
VHL14949,0.7474865
VHL17034,23.52748
VHL17149,17.455868
VHL19677,7.4691567
VHL14433,4.0859613
VHL16582,4.653106
VHL10059,9.004333
VHL17140,11.317838
VHL10364,6.570557
VHL16932,4.609382
VHL18587,6.6612015
VHL13635,1.4382885
VHL18371,24.642057
VHL19622,14.211306
VHL18669,16.08038
VHL17359,3.3604155
VHL19788,9.401635
VHL19078,14.650447
VHL12673,2.2608001
VHL17895,1.4316597
VHL18950,17.88684
VHL13562,59.00164
VHL11306,11.886162
VHL15496,5.878941
VHL11927,16.532572
VHL10392,33.296562
VHL14124,4.479256
VHL12586,6.4619637
VHL12895,3.8168614
VHL18481,4.6656466
VHL11310,3.730284
VHL15810,4.026144
VHL16037,9.575423
VHL19627,28.06219
VHL11152,13.064847
VHL17698,27.50666
VHL19815,83.30009
VHL18192,6.359852
VHL19720,2.2456613
VHL11686,10.218693
VHL18649,6.517469
VHL12765,5.580241
VHL10026,9.177433
VHL11001,9.33159
VHL13433,7.5403905
VHL17827,3.0035577
VHL12344,5.809226
VHL17308,40.474354
VHL18722,2.3182747
VHL17199,7.734282
VHL15338,4.123188
VHL16946,6.6504197
VHL11039,3.3039737
VHL18017,11.2168045
VHL15945,17.437263
VHL14724,6.841903
VHL15314,26.368008
VHL14276,4.1456146
VHL17883,2.019033
VHL14385,5.4174995
VHL18665,0.4266631
VHL15936,79.26309
VHL19518,6.073541
VHL13530,1.0526536
VHL17861,5.347976
VHL10966,53.376232
VHL11652,8.657539
VHL16641,13.409643
VHL12017,24.117573
VHL14856,3.2329082
VHL16801,6.151511
VHL16814,33.296562
VHL13748,5.166661
VHL13104,16.851765
VHL10022,23.572012
VHL14787,3.9444773
VHL19015,4.238406
VHL11089,4.713815
VHL13873,4.818775
VHL15486,28.200182
VHL13253,-0.037551165
VHL15232,0.627085
VHL18914,7.028928
VHL14922,5.6285105
VHL14541,4.225589
VHL15820,16.080349
VHL10710,6.208996
VHL11752,1.3312653
VHL13868,4.225589
VHL17442,22.077862
VHL14571,15.165055
VHL17155,4.7663255
VHL11093,7.419164
VHL18280,3.7756271
VHL18425,4.372968
VHL10175,1.5456883
VHL15307,10.089443
VHL18062,6.6294713
VHL18972,2.867664
VHL11185,5.755305
VHL10343,4.6270976
VHL10450,4.7651796
VHL19621,7.6598225
VHL14502,5.9455695
VHL12768,5.564039
VHL19922,11.134311
VHL10824,15.450283
VHL16646,8.624198
VHL15462,7.7490864
VHL15801,6.325366
VHL10322,8.212954
VHL15613,16.254112
VHL17756,4.609382
VHL16186,16.677378
VHL19061,6.261284
VHL13446,51.253025
VHL10599,13.283892
VHL18255,20.120083
VHL17948,6.6381817
VHL17616,-0.37600142
VHL17664,40.54506
VHL18299,4.225589
VHL18959,7.9375534
VHL10473,9.401635
VHL17271,14.394927
VHL19798,6.4947724
VHL17935,157.11797
VHL10245,26.762081
VHL15041,3.4602325
VHL15001,6.4854856
VHL16287,3.0473983
VHL13974,18.326271
VHL15764,21.416574
VHL18888,4.806546
VHL14882,7.9723325
VHL19424,6.1865153
VHL13785,142.70377
VHL10783,12.531488
VHL19808,4.213456
VHL18890,12.95556
VHL13440,5.9602532
VHL13285,7.548075
VHL18805,35.79167
VHL18550,0.8035238
VHL10061,8.1643
VHL18522,15.562071
VHL16813,6.834579
VHL11036,12.982976
VHL12107,23.005898
VHL17826,16.851765
VHL14449,0.6699368
VHL14938,2.1506953
VHL14098,9.785238
VHL19241,6.214136
VHL17856,3.8835428
VHL18900,5.012475
VHL11133,9.682432
VHL11687,24.313345
VHL12719,0.9515797
VHL15531,4.1462684
VHL17329,36.025673
VHL16806,3.0736616
VHL11582,1.4617791
VHL16362,2.365624
VHL11119,3.071229
VHL13806,33.296562
VHL11733,1.9675058
VHL18959,88.605934
VHL17287,3.852923
VHL11709,6.6135626
VHL19793,6.8020334
VHL19880,2.7882898
VHL19964,19.81254
VHL12784,17.226894
VHL17371,13.837936
VHL12439,2.5181825
VHL16652,5.2904873
VHL17836,12.275972
VHL16597,7.5308185
VHL18707,5.991479
VHL16683,9.853729
VHL15365,1.440444
VHL13507,5.9481072
VHL14459,22.232225
VHL19300,7.3856816
VHL18418,17.188662
VHL15350,4.0641375
VHL15927,3.6363397
VHL12985,12.046627
VHL10426,25.859089
VHL10506,6.185374
VHL11042,18.487543
VHL18043,5.166661
VHL16258,5.2974634
VHL19326,5.9916997
VHL15424,11.313062
VHL19014,6.2446
VHL11310,8.737767
VHL12927,9.04911
VHL10082,7.1002307
VHL10068,21.326843
VHL13660,4.6259084
VHL18810,7.385105
VHL17666,28.237514
VHL18022,4.191185
VHL11237,17.437263
VHL17240,11.317838
VHL13512,8.853499
VHL10596,86.153465
VHL10073,7.51074
VHL13719,2.0655475
VHL10077,1.4382885
VHL13151,5.821087
VHL12499,3.930896
VHL18832,22.155285
VHL16790,8.545526
VHL13880,45.440872
VHL19448,5.980895
VHL15860,6.910634
VHL14538,6.2139025
VHL16505,3.8805559
VHL11544,16.347298
VHL19830,8.406326
VHL10194,6.5902843
VHL15744,4.0887923
VHL10957,4.5111885
VHL12568,4.0792694
VHL19448,10.09811
VHL14417,1.633192
VHL10368,12.131161
VHL10806,3.201069
VHL17414,8.988946
VHL14892,3.0740964
VHL17933,9.657672
VHL15852,39.23446
VHL10505,21.924263
VHL18345,20.068274
VHL13294,12.8296385
VHL18253,10.220004
VHL17152,8.009935
VHL12883,53.782658
VHL16101,19.079144
VHL15563,11.149486
VHL10313,4.9858427
VHL18291,0.46825132
VHL13553,5.178485
VHL11440,4.2838726
VHL15887,4.3958387
VHL17489,15.426937
VHL16271,8.649821
VHL15007,57.017254
VHL15329,20.11379
VHL13826,18.517822
VHL11568,7.473279
VHL13578,6.484634
VHL16302,2.4500666
VHL12677,4.710762
VHL18866,5.4489217
VHL11976,3.3752975
VHL17817,20.90152
VHL16893,3.2835467
VHL11075,0.9835652
VHL14865,6.7662745
VHL13535,2.587709
VHL16299,26.368008
VHL19327,2.2626636
VHL10055,3.6212342
VHL14258,6.426775
VHL11527,3.4149384
VHL17682,3.4090135
VHL10073,6.427871
VHL14599,23.334127
VHL15495,5.518291
VHL13387,0.2737318
VHL19505,4.7541943
VHL16307,1.0473824
VHL11034,65.20603
VHL13625,3.8777354
VHL19623,6.4619637
VHL10838,1.6028442
VHL11711,5.0028872
VHL14148,3.088098
VHL15745,1.1764798
VHL15705,4.22826
VHL14767,14.250119
VHL10108,5.9126816
VHL17818,3.422423
VHL18324,7.51208
VHL19741,10.86116
VHL11815,8.142218
VHL18939,6.407327
VHL18042,0.4266631
VHL13176,2.1178527
VHL16859,4.2343216
VHL14405,4.51994
VHL14751,17.79636
VHL18416,2.7087886
VHL13952,8.009935
VHL14726,3.02845
VHL11889,6.53662
VHL12851,15.842198
VHL12862,4.0428987
VHL14262,3.255635
VHL13520,7.683319
VHL14967,4.026144
VHL14728,18.116234
VHL15340,7.2367373
VHL14760,6.585704
VHL18498,3.730284
VHL18440,5.2490134
VHL18477,6.3339896
VHL16456,8.625753
VHL19596,3.0035577
VHL19616,13.967924
VHL12885,15.722705
VHL13080,4.225587
VHL10988,4.7979183
VHL16251,3.0740964
VHL16941,4.5873594
VHL19708,7.091746
VHL13116,33.151768
VHL17823,7.499414
VHL14587,11.218724
VHL16807,2.2908196
VHL15706,6.3499613
VHL19568,5.991479
VHL12877,26.017382
VHL16412,1.4382885
VHL18036,39.92988
VHL16860,14.690185
VHL14755,2.4885426
VHL19234,19.81254
VHL13272,3.0432956
VHL16892,1.2899535
VHL17413,15.139481
VHL18817,2.840957
VHL11681,6.391809
VHL10192,48.895496
VHL16374,6.0090995
VHL17630,10.667681
VHL15610,3.191971
VHL11364,3.280778
VHL13136,23.429367
VHL10038,6.966633
VHL12580,6.730515
VHL14253,8.006283
VHL17421,13.371062
VHL15458,2.7563071
VHL12574,3.2104666
VHL14109,9.512862
VHL15943,6.445473
VHL17404,4.0686474
VHL14940,10.833779
VHL16625,11.685931
VHL12066,5.6942167
VHL12899,10.034997
VHL11652,13.299862
VHL17554,92.30381
VHL11567,5.723626
VHL10163,6.057572
VHL10355,19.160011
VHL12041,4.665967
VHL13416,10.075192
VHL15974,2.5004308
VHL12082,5.876199
VHL12319,2.333085
VHL12556,5.206399
VHL18675,5.3498783
VHL13381,1.2589574
VHL14325,35.080967
VHL15875,5.911206
VHL10638,5.066463
VHL10544,3.5303288
VHL11654,2.6596866
VHL14423,-0.111174226
VHL14569,5.991479
VHL15007,1.1046232
VHL18221,26.457907
VHL10785,1.1415838
VHL16546,3.088098
VHL19173,9.731917
VHL11731,12.643491
VHL18180,6.367485
VHL19452,5.793294
VHL16163,6.8076572
VHL14877,4.6491203
VHL10102,30.752604
VHL16046,11.317838
VHL13684,14.712938
VHL18749,36.170464
VHL15304,8.29953
VHL10117,40.508404
VHL19957,2.4991987
VHL19132,1.953373
VHL15383,9.368826
VHL10136,27.681034
VHL17919,3.7526028
VHL11444,2.990813
VHL18795,24.143724
VHL12062,7.1427855
VHL15890,10.742194
VHL17372,49.991646
VHL12038,9.657672
VHL19368,2.0031736
VHL10476,4.609382
VHL14079,1.5852581
VHL10401,3.715219
VHL12810,37.773037
VHL19466,0.5251265
VHL15757,5.125018
VHL15894,2.660322
VHL18056,9.164449
VHL16634,4.4804716
VHL16608,3.7756271
VHL19831,2.2456613
VHL13863,11.484986
VHL11159,4.706792
VHL15412,11.681529
VHL10730,4.665967
VHL17248,3.6932392
VHL16421,20.542177
VHL11328,6.3499613
VHL18439,4.3958387
VHL12340,5.178485
VHL10461,4.9031477
VHL15024,5.8897643
VHL11850,15.1586895
VHL16423,11.346016
VHL16427,10.128318
VHL13444,2.1178527
VHL16609,-1.0574414
VHL11522,7.5922184
VHL11433,10.417162
VHL15853,1.8729497
VHL14168,3.243259
VHL19004,9.0663185
VHL10827,35.239033
VHL19998,6.538845
VHL14997,2.0551581
VHL15827,9.040722
VHL18844,4.2751865
VHL10076,8.621515
VHL16342,0.8035238
VHL19420,3.2078516
VHL12762,4.0135508
VHL16916,2.3182747
VHL10660,6.4169445
VHL18142,7.7895064
VHL13721,6.0892787
VHL18101,6.302668
VHL11732,2.019208
VHL14351,4.18065
VHL16617,3.9232807
VHL13840,5.7669387
VHL10596,2.4575632
VHL19148,1.9791085
VHL16845,12.563733
VHL17262,10.812492
VHL17801,7.7325373
VHL18039,18.99294
VHL15369,10.216241
VHL14483,3.893311
VHL19700,6.416423
VHL15877,22.497147
VHL15552,17.716105
VHL18756,12.34094
VHL10301,13.078664
VHL17678,5.362219
VHL17604,0.5251265
VHL17969,72.43665
VHL17089,8.201576
VHL13239,66.93093
VHL12466,3.930896
VHL16020,12.327959
VHL15014,4.5873594
VHL13302,4.308382
VHL17986,5.980895
VHL14724,7.282989
VHL15147,3.6132214
VHL15325,3.243259
VHL16131,14.061271
VHL14868,1.9687396
VHL15382,19.667734
VHL12164,6.4947724
VHL11723,6.3947744
VHL14888,6.1912494
VHL17997,4.370401
VHL11576,6.585704
VHL16048,5.117961
VHL17795,5.9805713
VHL15642,6.1618953
VHL13953,12.437771
VHL10189,13.657585
VHL13338,5.878941
VHL19247,30.181253
VHL16429,12.086365
VHL10272,2.5199997
VHL12716,3.690428
VHL12652,7.718855
VHL13545,17.97433
VHL11323,4.2551475
VHL15121,22.52995
VHL17568,8.605057
VHL11886,4.8081064
VHL17402,11.225161
VHL10243,10.966221
VHL13407,2.4129386
VHL12149,2.7725723
VHL11037,8.545526
VHL17924,10.099979
VHL12180,12.576173
VHL14683,8.355629
VHL18920,3.1681137
VHL12024,3.0220933
VHL13968,88.80649
VHL11079,3.191971
VHL14355,0.59549195
VHL11824,2.819671
VHL19942,4.2504063
VHL12917,63.558064
VHL15326,31.690823
VHL13585,4.2838726
VHL12069,4.5281234
VHL17056,8.220066
VHL10515,7.464208
VHL16435,4.195453
VHL17564,0.5251265
VHL18798,4.050767
VHL10222,7.539152
VHL17645,8.139438
VHL10810,0.9155264
VHL14216,6.2805176
VHL13799,3.4209938
VHL19965,4.163577
VHL18568,13.005539
VHL17957,5.8930254
VHL11023,6.517469
VHL17797,6.2477217
VHL16174,5.7088795
VHL15112,2.3127546
VHL10167,5.8404455
VHL18749,4.7213845
VHL16276,6.517469
VHL15593,11.899835
VHL18474,5.576758
VHL13000,5.5059824
VHL10796,5.641115
VHL16443,19.753729
VHL13954,9.302573
VHL12761,6.13629
VHL17916,9.190687
VHL13145,10.072902
VHL19331,13.396385
VHL15623,15.577722
VHL13922,12.201963
VHL11222,3.045456
VHL15425,11.149486
VHL19072,2.5282829
VHL18649,11.592679
VHL14730,0.06792298
VHL12512,10.986832
VHL18486,-0.6109282
VHL13182,4.7321706
VHL19735,8.842042
VHL13370,28.595406
VHL15038,8.605057
VHL13034,3.407736
VHL16581,16.218103
VHL12113,6.3044205
VHL16914,14.560454
VHL18231,18.960138
VHL14192,4.350297
VHL10404,6.4501724
VHL10084,33.483475
VHL13855,20.068274
VHL14027,4.0834503
VHL16209,3.2974901
VHL11144,11.640724
VHL18646,5.7441845
VHL16431,6.4947724
VHL16873,3.688466
VHL19594,17.519302
VHL18630,6.9387474
VHL17288,4.921959
VHL13113,4.728983
VHL18865,4.4928913
VHL18260,4.739154
VHL13198,24.71787
VHL11475,4.8977637
VHL18584,12.203143
VHL14768,32.101036
VHL16073,6.3808913
VHL15742,4.203315
VHL18879,1.2038512
VHL12038,3.706857
VHL19728,7.934316
VHL17986,2.5920112
VHL18819,3.5898678
VHL12225,-0.6109282
VHL19157,7.8938975
VHL19615,4.4133363
VHL17175,2.8552241
VHL13050,7.934316
VHL13123,1.6902853
VHL16065,3.1043482
VHL12484,0.99131775
VHL11338,12.275408
VHL17289,2.0936735
VHL15447,2.1579623
VHL18803,6.517469
VHL18294,4.9635873
VHL15133,4.706792
VHL10657,3.252784
VHL10619,8.395367
VHL17912,11.899835
VHL18164,7.5518184
VHL14504,5.029857
VHL18885,3.6383367
VHL10118,4.637217
VHL17852,4.163577
VHL18834,8.989874
VHL11508,7.9299884
VHL17633,1.3547268
VHL15893,7.829566
VHL14089,15.026622
VHL18800,33.16444
VHL12314,2.221169
VHL18047,16.532572
VHL11118,4.674384
VHL17922,3.9571993
VHL17121,2.3106785
VHL13960,5.578815
VHL15350,5.119782
VHL17939,5.1944065
VHL11888,11.682808
VHL17044,4.2504063
VHL10290,28.309359
VHL19497,12.933852
VHL17807,9.591165
VHL11467,52.97188
VHL14703,16.188515
VHL17518,6.4619637
VHL19578,1.3547268
VHL10425,20.565508
VHL11304,0.4266631
VHL10086,4.2839413
VHL19512,2.8145726
VHL13350,4.0247326
VHL12694,61.078785
VHL12838,45.92192
VHL16255,1.6875179
VHL15196,7.428388
VHL16844,8.406326
VHL10977,8.406326
VHL18145,8.988946
VHL12297,4.197529
VHL15274,11.189049
VHL15478,8.399702
VHL16940,4.153546
VHL14407,1.7660061
VHL19544,6.2571883
VHL10519,28.38232
VHL16928,2.582947
VHL11692,4.938543
VHL15180,5.723626
VHL19040,2.791968
VHL11628,6.530379
VHL19845,2.6690507
VHL16574,71.774376
VHL14807,5.463663
VHL11188,14.762449
VHL18077,43.22151
VHL14836,4.488118
VHL13406,2.587709
VHL18365,1.292624
VHL18328,1.5092572
VHL14695,3.2555537
VHL12724,4.329897
VHL10202,6.261284
VHL12815,2.5806298
VHL12630,22.579126
VHL14283,11.205864
VHL18698,3.3083966
VHL10141,4.3526287
VHL16204,6.66228
VHL11310,7.80319
VHL18878,4.2337956
VHL19310,7.274353
VHL18219,4.9876895
VHL13108,4.8081064
VHL14070,50.01581
VHL16891,4.2171974
VHL10398,6.073807
VHL12755,4.2755795
VHL12995,4.7213845
VHL12158,3.9616783
VHL17814,18.796497
VHL15098,2.390154
VHL13066,8.933157
VHL13362,3.6308174
VHL13443,1.4382885
VHL18173,2.1178527
VHL16277,11.443644
VHL17380,6.532137
VHL18129,11.450095
VHL11891,2.4776244
VHL11042,4.653106
VHL16137,3.1996908
VHL13400,2.1741414
VHL19399,23.429367
VHL16723,3.725224
VHL12416,9.670129
VHL10350,3.6095467
VHL13811,2.0792434
VHL13916,4.9635873
VHL11857,4.4125595
VHL12040,5.584478
VHL10872,9.535963
VHL14351,18.592611
VHL18230,7.7561727
VHL14851,16.42442
VHL19426,8.216055
VHL12795,5.2807913
VHL16882,24.491777
VHL15924,4.2343216
VHL10807,0.87035906
VHL10611,3.0624683
VHL15296,5.006966
VHL11333,7.6540513
VHL18616,2.5521843
VHL15633,6.209556
VHL15157,2.935817
VHL16982,2.1178527
VHL13879,18.796497
VHL17585,5.371172
VHL13116,3.5005507
VHL16982,3.9232807
VHL18017,8.88178
VHL19155,9.5675
VHL19997,1.440444
VHL19660,4.7321706
VHL19990,7.385105
VHL13582,4.0792627
VHL15998,18.973705
VHL13285,0.29505867
VHL16586,4.190097
VHL15120,5.938944
VHL14954,8.247065
VHL18066,2.2025661
VHL13559,6.5485363
VHL14707,9.0013075
VHL12562,8.257204
VHL15527,2.0554671
VHL12878,6.9387474
VHL12507,2.627447
VHL14699,0.9014223
VHL14730,10.931495
VHL16614,6.3499613
VHL13024,4.653106
VHL19915,6.9524713
VHL13101,4.3958755
VHL13052,2.4129386
VHL19820,30.046358
VHL11562,3.3952758
VHL16424,22.593172
VHL10876,10.192435
VHL12199,6.625442
VHL17320,8.032649
VHL13599,5.93177
VHL15761,4.0135508
VHL12114,1.6652182
VHL14797,3.7207906
VHL10360,9.372693
VHL11344,15.962582
VHL13709,1.3765682
VHL19962,18.744843
VHL11021,4.665967
VHL11988,7.8281302
VHL18459,4.6181574
VHL12547,8.180145
VHL17688,10.788896
VHL10267,47.867687
VHL17363,26.029226
VHL19946,19.56498
VHL17698,5.178485
VHL10234,0.90188575
VHL13897,9.324579
VHL13543,2.4895167
VHL11002,9.176891
VHL19102,4.4005804
VHL17633,88.620316
VHL18124,4.6372137
VHL16120,3.248767
VHL19186,8.119524
VHL18664,6.220293
VHL17083,30.046358
VHL13077,8.545526
VHL17267,9.711687
VHL18565,13.587651
VHL13814,10.6710615
VHL18967,15.978222
VHL13503,5.9481072
VHL13644,0.7652867
VHL17079,3.8228421
VHL15239,15.528501
VHL17245,1.6063102
VHL10153,82.82993
VHL19693,3.4422998
VHL10773,5.5049767
VHL11413,3.3526495
VHL10223,19.80814
VHL18530,0.42992845
VHL12551,6.030826
VHL17602,4.426221
VHL13375,27.16241
VHL13337,16.978598
VHL18551,7.428388
VHL17882,3.8279302
VHL17761,3.232657
VHL12646,5.518291
VHL15219,15.443452
VHL14365,6.59027
VHL16915,2.8926182
VHL10906,3.4104607
VHL13513,2.0363994
VHL14542,12.075611
VHL14200,6.955646
VHL18013,8.624198
VHL14772,8.569093
VHL13641,9.638071
VHL15001,5.020433
VHL10409,6.9802628
VHL12698,8.254402
VHL14128,4.8081064
VHL10621,3.5684433
VHL13729,7.904739
VHL16191,7.043637
VHL11188,8.699868
VHL14810,26.24728
VHL16357,-0.28113812
VHL18353,5.8404455
VHL15843,4.1583614
VHL10210,3.5672345
VHL17457,4.4133363
VHL11022,8.988946
VHL16541,4.0309668
VHL17647,2.4450884
VHL11229,39.861336
VHL17996,2.2210934
VHL17089,6.2150397
VHL19543,10.569207
VHL19715,34.081627
VHL17944,8.009935
VHL16820,33.414845
VHL14857,7.173748
VHL17512,5.100522
VHL16649,12.275408
VHL14838,12.046627
VHL14568,4.7213845
VHL17525,7.8651237
VHL16117,6.1482058
VHL13135,5.4419165
VHL19812,4.9529185
VHL17027,4.7663255
VHL14654,4.609382
VHL12420,9.312921
VHL10360,6.8076572
VHL13629,28.816051
VHL16737,6.407327
VHL15446,6.5209794
VHL10946,3.1342967
VHL13953,1.6787004
VHL17303,18.447805
VHL15447,2.6499517
VHL12854,7.308463
VHL12567,5.749183
VHL19137,2.4575632
VHL19411,6.424727
VHL10923,2.832241
VHL17236,7.7617702
VHL19462,28.349518
VHL13097,5.46934
VHL19969,4.906128
VHL11860,3.0000343
VHL18943,4.022546
VHL11672,11.087096
VHL10815,4.7651796
VHL16245,4.517771
VHL14969,15.011845
VHL19652,3.0000343
VHL11330,2.8119013
VHL19827,22.7174
VHL10484,4.4199963
VHL11394,0.5670534
VHL18787,25.251976
VHL11803,4.6656466
VHL12784,15.245156
VHL17216,9.512862
VHL10033,15.0327835
VHL11776,4.5286202
VHL14947,10.288506
VHL17522,4.634646
VHL14197,3.1189992
VHL13071,1.7049563
VHL17406,3.514164
VHL12174,10.305581
VHL12440,3.8211415
VHL12462,4.9876895
VHL12158,6.3499613
VHL14899,2.4053621
VHL11281,10.686769
VHL10913,12.591766
VHL19630,6.151511
VHL19709,4.1654253
VHL14819,6.391809
VHL15381,2.4961581
VHL14781,2.7785985
VHL18728,10.288506
VHL16520,2.0655475
VHL10643,89.00626
VHL19438,23.342154
VHL14103,0.19515026
VHL19088,3.0876882
VHL15456,8.214481
VHL16411,20.04836
VHL19044,2.660322
VHL15194,15.262335
VHL11490,4.2337956
VHL13904,6.1692576
VHL15148,38.99338
VHL10918,8.708673
VHL19119,18.559809
VHL10313,8.03141
VHL17176,26.294474
VHL17166,4.213456
VHL11166,3.21419
VHL19144,14.323308
VHL17259,30.612204
VHL11965,20.3566
VHL13791,2.6133614
VHL12309,10.071143
VHL18687,0.85127795
VHL10199,5.9688606
VHL18562,8.461847
VHL14042,11.261488
VHL19017,6.3896995
VHL18805,2.3127546
VHL18622,9.672574
VHL14045,27.54256
VHL17010,4.5353365
VHL16993,2.0762787
VHL16050,4.609382
VHL16363,1.6028442
VHL10287,1.6028442
VHL19873,17.52318
VHL15450,7.8281302
VHL14789,4.9876895
VHL14379,2.3580127
VHL10911,7.19909
VHL10449,10.192435
VHL19705,8.290012
VHL14766,10.003452
VHL16203,10.2005825
VHL14855,3.3481345
VHL14661,77.55569
VHL19859,2.0211606
VHL14028,5.2038183
VHL14991,0.89229524
VHL15291,4.2901444
VHL16047,9.672574
VHL12253,5.641115
VHL10428,4.517771
VHL15237,67.96893
VHL16101,8.694761
VHL16143,22.28224
VHL10257,19.644136
VHL16662,57.723217
VHL19799,17.336544
VHL14241,7.4195375
VHL17705,14.323308
VHL17529,0.05755523
VHL15191,5.9602532
VHL17451,5.520866
VHL17879,3.6429539
VHL19264,2.908259
VHL19009,33.887707
VHL10568,4.609382
VHL19545,7.3949103
VHL16822,6.955646
VHL10957,20.715916
VHL15607,6.260519
VHL12093,68.20417
VHL19096,22.884232
VHL18288,5.958617
VHL11310,5.099692
VHL19333,26.329197
VHL13823,8.605057
VHL19965,4.347353
VHL16917,4.8420606
VHL11177,0.5251265
VHL16853,16.319323
VHL18554,31.611599
VHL18562,11.13164
VHL10753,8.036363
VHL16804,4.5369377
VHL18774,17.364098
VHL15561,4.163577
VHL12265,8.545526
VHL10021,5.43543
VHL18216,4.609382
VHL18297,30.046358
VHL15781,1.6789138
VHL12134,2.908259
VHL12909,7.4040055
VHL19963,19.95627
VHL16014,2.5131755
VHL14675,4.8420606
VHL19999,3.6411366
VHL15433,3.8835428
VHL12937,4.8060637
VHL11373,39.325474
VHL17859,2.231781
VHL10314,11.606192
VHL18773,7.718855
VHL16942,5.878941
VHL18334,3.6831205
VHL17910,2.365624
VHL18494,6.6832285
VHL12860,3.0024722
VHL10204,17.678232
VHL19924,11.551675
VHL13255,6.2474833
VHL12057,9.906064
VHL19296,7.934316
VHL10104,14.407541
VHL14185,23.579384
VHL15914,4.0087304
VHL11633,7.369861
VHL10331,2.221169
VHL15981,7.420692
VHL18376,14.053236
VHL14890,6.9817176
VHL14283,28.200182
VHL15877,3.2535813
VHL10019,8.036363
VHL10439,3.8211415
VHL18436,33.119053
VHL11989,5.376054
VHL19813,9.256824
VHL15869,11.265048
VHL13464,4.213456
VHL14974,6.454874
VHL13446,4.836299
VHL11326,4.3905344
VHL12561,4.3000574
VHL12421,6.5485363
VHL15061,21.406872
VHL16174,10.176503
VHL14500,14.362122
VHL16937,30.07363
VHL13576,18.607868
VHL12458,5.9394865
VHL11965,12.035848
VHL11890,4.0887923
VHL14930,3.74282
VHL16445,6.087789
VHL11308,14.026521
VHL17652,8.145201
VHL13004,16.824755
VHL10262,6.407327
VHL13111,2.502157
VHL13568,6.391809
VHL12606,6.730515
VHL15786,6.557207
VHL11054,41.719387
VHL15167,4.0966883
VHL14716,25.276659
VHL11763,5.916313
VHL17885,5.991479
VHL16048,3.9617283
VHL17032,5.7030635
VHL10344,11.261313
VHL13463,6.1622696
VHL12903,3.2304878
VHL14551,11.275563
VHL14763,4.5873594
VHL19270,7.492078
VHL12817,8.856496
VHL18354,6.23608
VHL12185,4.3980446
VHL14983,18.960138
VHL15530,9.23867
VHL15827,7.814152
VHL14886,-15.947123
VHL17643,4.163577
VHL16987,8.009935
VHL14294,7.173748
VHL16175,9.485726
VHL18639,4.848849
VHL13640,5.376054
VHL17895,3.0740964
VHL19307,3.3675568
VHL19436,1.5287054
VHL19809,16.381706
VHL10638,1.633192
VHL13859,2.2240534
VHL11640,4.6491203
VHL13661,4.818775
VHL15523,2.7186697
VHL12838,7.4647937
VHL11312,4.438948
VHL12699,6.3044205
VHL14640,0.6020084
VHL17666,10.488908
VHL14903,9.1346855
VHL13835,6.5922637
VHL15635,21.590235
VHL19827,18.39238
VHL14808,8.068143
VHL16208,4.609382
VHL18605,4.014321
VHL19751,5.2974634
VHL17664,12.44323
VHL12588,6.5384173
VHL17702,19.713047
VHL10842,5.2557216
VHL19609,63.558064
VHL12767,3.124598
VHL13680,10.148262
VHL13507,2.4304838
VHL16160,7.2907925
VHL13555,1.4382885
VHL18088,5.997253
VHL16428,2.2957807
VHL11278,1.1624088
VHL17567,15.383689
VHL16715,3.1681137
VHL15486,3.9639096
VHL10286,5.2904873
VHL13344,3.6831205
VHL17544,11.89104
VHL12579,9.033055
VHL19966,4.163577
VHL12989,2.4500666
VHL18968,11.201059
VHL16423,6.5976434
VHL15852,24.363348
VHL16298,10.446198
VHL13399,1.6902853
VHL11381,101.88626
VHL18329,57.86069
VHL13335,3.8835428
VHL11885,7.51208
VHL19284,7.351454
VHL12612,13.437747
VHL15522,5.2577252
VHL16059,14.066942
VHL10388,9.672574
VHL10025,14.690185
VHL14629,2.2890668
VHL10790,1.2934253
VHL17966,4.508209
VHL12843,9.15389
VHL11996,1.6028442
VHL15688,9.253001
VHL13110,4.3959436
VHL19865,21.743254
VHL13379,3.943986
VHL18639,5.0473146
VHL16928,12.95556
VHL11725,73.61558
VHL11355,3.071229
VHL17560,11.22591
VHL11885,5.2645617
VHL12995,23.167004
VHL11751,3.893311
VHL14633,22.120222
VHL16853,7.1914196
VHL14501,7.429264
VHL13938,14.887972
VHL12329,2.3470802
VHL10067,6.9979734
VHL19818,7.2037334
VHL12785,4.1083856
VHL13874,4.6491203
VHL18142,25.087738
VHL14855,10.122251
VHL12147,24.953005
VHL15256,15.856568
VHL13751,7.57404
VHL17863,4.213456
VHL13981,8.84468
VHL18916,3.2555537
VHL19492,6.185374
VHL16004,88.127365
VHL15913,1.8386186
VHL16871,8.76901
VHL11388,4.7213845
VHL15019,3.865227
VHL11934,0.32485473
VHL19784,4.906128
VHL12593,14.053236
VHL15836,20.425432
VHL17034,2.4740977
VHL14607,7.544995
VHL17105,12.569482
VHL18773,5.0235205
VHL12684,28.349518
VHL17154,6.74153
VHL10849,6.3896995
VHL12067,4.975723
VHL14247,6.35672
VHL18581,4.458783
VHL18516,5.479131
VHL17684,2.8625793
VHL17215,1.0533221
VHL15232,47.453415
VHL19310,9.033055
VHL12120,4.713413
VHL15455,12.309643
VHL10132,5.166661
VHL12356,16.99657
VHL16995,9.720845
VHL15752,15.447013
VHL12151,17.56963
VHL11902,446.3533
VHL17808,2.048504
VHL17592,2.0316634
VHL16636,6.407327
VHL11497,7.4770184
VHL17774,18.156786
VHL15919,4.2751865
VHL15172,2.2298555
VHL11820,4.297389
VHL13093,32.78702
VHL17445,17.549267
VHL18989,1.465004
VHL10713,7.7509356
VHL14240,1.8070128
VHL13501,3.7228584
VHL18215,9.120541
VHL14878,58.006485
VHL19143,4.665967
VHL10173,7.9723325
VHL16962,9.512862
VHL15384,3.5656216
VHL13844,5.5452385
VHL11998,2.909864
VHL10444,2.8117874
VHL19655,5.991479
VHL18921,6.517469
VHL11774,11.650581
VHL15490,0.57285476
VHL18694,8.829851
VHL10360,5.0274277
VHL18707,5.0028872
VHL15801,4.308382
VHL17931,16.851765
VHL16716,15.801082
VHL11290,4.0686474
VHL18180,4.225589
VHL19935,3.9783568
VHL16593,6.3499613
VHL17349,1.3126187
VHL18705,6.1539106
VHL18527,5.6908174
VHL18577,5.409135
VHL15369,34.493847
VHL16140,6.53662
VHL11458,4.9528217
VHL13652,2.6911485
VHL13470,10.986832
VHL17609,5.755305
VHL16953,0.1384621
VHL19670,12.490417
VHL16517,2.9152064
VHL12631,19.078772
VHL14338,1.5976367
VHL13224,3.7265966
VHL19157,3.9042504
VHL10266,0.03363684
VHL11597,8.7362
VHL16219,8.532829
VHL12828,4.690723
VHL10364,5.370459
VHL11875,70.03587
VHL10185,2.269433
VHL12097,20.372557
VHL17691,-0.6814673
VHL15092,3.422423
VHL11628,19.059063
VHL13662,4.377647
VHL11486,5.876199
VHL18373,11.316995
VHL16605,25.853483
VHL14670,19.120056
VHL19579,0.87035906
VHL15504,3.8213215
VHL18831,3.107133
VHL19404,3.7756271
VHL11218,5.5452385
VHL13869,43.644634
VHL19846,8.7892685
VHL11677,8.585919
VHL17416,2.4348426
VHL13175,3.2952917
VHL17965,15.434266
VHL19048,6.689623
VHL18117,3.3290455
VHL16742,11.518248
VHL10339,6.3896995
VHL14079,2.791968
VHL17034,5.4936643
VHL15903,3.5365784
VHL14643,10.233392
VHL19176,6.185374
VHL16293,7.4278
VHL16573,4.2353525
VHL10615,3.4605498
VHL10834,8.624198
VHL13200,7.6031427
VHL18949,16.937786
VHL14402,0.9515797
VHL16439,7.3863554
VHL14135,7.068666
VHL10015,3.0832245
VHL10388,3.3130717
VHL17226,5.6083064
VHL16884,27.778004
VHL18216,8.298642
VHL19751,18.973015
VHL11071,7.7952404
VHL16489,22.520552
VHL12578,7.9723325
VHL10582,9.507759
VHL19617,53.340935
VHL14437,14.673201
VHL11749,5.9652896
VHL18131,8.565972
VHL16700,11.600799
VHL14166,7.718855
VHL19100,6.0495405
VHL11100,9.977441
VHL17954,30.085897
VHL15065,10.589171
VHL14908,12.044643
VHL11925,10.833779
VHL12725,100.740715
VHL17558,2.8552241
VHL12989,10.536398
VHL11734,28.729689
VHL15324,14.057913
VHL19720,7.3743377
VHL17274,-0.28113812
VHL10206,10.220004
VHL18355,4.198242
VHL16634,4.973149
VHL15037,4.2838726
VHL19446,8.9022455
VHL11255,6.008806
VHL18968,8.406326
VHL17262,4.4804716
VHL19635,11.261488
VHL13636,4.873011
VHL14827,28.164196
VHL13630,14.569619
VHL18929,3.1681137
VHL18493,25.678972
VHL11970,11.345871
VHL18557,3.5684433
VHL16603,6.1486435
VHL10144,6.910634
VHL19283,3.1217246
VHL14957,4.1144686
VHL14521,0.8618615
VHL14631,9.149068
VHL10741,8.01482
VHL18773,4.558032
VHL15546,5.483592
VHL18796,5.178485
VHL16777,6.6784096
VHL12667,0.74320346
VHL11806,8.657539
VHL16241,0.06792298
VHL11602,11.951385
VHL10361,7.517823
VHL11563,3.2555537
VHL18781,7.314091
VHL11605,1.3395045
VHL17566,3.7828434
VHL14925,8.247065
VHL17378,21.921942
VHL13933,6.804265
VHL15621,5.991479
VHL11212,7.7191834
VHL17047,0.4855392
VHL18495,13.066156
VHL11789,27.75466
VHL18812,0.5251265
VHL12003,4.8642316
VHL17763,6.66228
VHL10234,3.6928864
VHL11820,25.680119
VHL15612,8.467631
VHL16969,10.526252
VHL15883,41.260204
VHL16910,12.631039
VHL15537,37.773037
VHL19483,6.517469
VHL19061,35.61746
VHL10122,60.7338
VHL18413,6.9979734
VHL19153,4.739154
VHL16118,4.610879
VHL11390,7.385105
VHL15701,2.1178527
VHL12322,24.007704
VHL18493,33.296562
VHL18230,8.104052
VHL10567,3.1477122
VHL16862,6.339822
VHL12040,15.047244
VHL13506,10.536398
VHL13379,8.390201
VHL16540,3.835242
VHL14882,4.8158317
VHL16979,2.534105
VHL17108,3.8765535
VHL19862,3.0831244
VHL19541,2.3292704
VHL16650,7.8445396
VHL18976,19.779737
VHL15984,8.180145
VHL13017,8.453154
VHL12807,15.412172
VHL16571,13.414209
VHL18496,3.555271
VHL19085,3.7951236
VHL15655,36.15474
VHL10274,17.03143
VHL17927,20.280842
VHL14169,4.0686474
VHL10088,16.532572
VHL19133,2.0655475
VHL10124,4.030775
VHL17800,71.774376
VHL12549,10.924835
VHL10900,6.5882745
VHL16654,0.5251265
VHL15178,5.6290474
VHL10370,22.80785
VHL19083,4.397583
VHL10667,323.0112
VHL11177,4.1462684
VHL19621,6.6294713
VHL19834,1.6283652
VHL18831,1.4382885
VHL16058,11.696771
VHL15327,11.315278
VHL10566,5.166661
VHL15911,5.6900516
VHL18703,6.585704
VHL19494,3.8068614
VHL16292,18.400322
VHL12417,5.618553
VHL16694,10.2005825
VHL16876,7.934316
VHL10394,1.3296916
VHL18192,1.9188615
VHL18989,0.09712911
VHL15531,4.426221
VHL19945,8.954056
VHL15352,8.308342
VHL10470,4.8060637
VHL12910,59.54897
VHL19260,10.931137
VHL18747,16.166512
VHL10865,10.024068
VHL10512,36.575684
VHL19176,3.0035577
VHL18494,2.445569
VHL14953,5.3490114
VHL18146,10.017179
VHL10753,6.555316
VHL13266,11.165002
VHL18142,10.788896
VHL12499,4.7213845
VHL11132,2.7772658
VHL16161,-0.28113812
VHL16332,2.587709
VHL11947,64.086876
VHL15516,4.5873594
VHL15620,435.07236
VHL11334,8.699868
VHL14676,4.331229
VHL18063,19.154345
VHL11305,6.6214633
VHL17190,1.5831004
VHL19509,3.6081583
VHL13065,7.6345735
VHL16948,5.6141596
VHL18753,1.8100289
VHL13306,1.3380237
VHL11296,1.7183131
VHL14799,51.397835
VHL16629,118.385284
VHL12469,2.2856736
VHL14725,4.0834503
VHL15360,2.6629932
VHL12472,1.9675058
VHL17694,5.9481072
VHL19367,5.869676
VHL13921,10.2005825
VHL18424,1.8070128
VHL13215,24.117573
VHL19720,6.265191
VHL19474,6.23608
VHL14718,4.062832
VHL13614,8.247065
VHL15761,1.8386186
VHL15481,2.5313678
VHL10583,3.9057078
VHL10999,4.146862
VHL11387,2.4029894
VHL17201,10.989499
VHL11541,42.430695
VHL11491,8.467631
VHL13571,0.63712907
VHL17798,8.908929
VHL11615,3.4038873
VHL17412,7.6108594
VHL17680,47.15405
VHL13091,27.922094
VHL13434,4.2751865
VHL15052,6.517469
VHL11742,3.2304878
VHL11925,6.4947724
VHL12016,7.045937
VHL17513,10.238914
VHL10564,0.74681824
VHL14087,2.367835
VHL18246,5.356385
VHL10468,16.679949
VHL18823,4.609382
VHL10264,6.0462127
VHL15285,9.635353
VHL16403,49.52189
VHL14260,19.200714
VHL16390,3.6831205
VHL14383,4.322317
VHL12924,7.308463
VHL16793,-0.048497796
VHL19286,2.9713469
VHL11692,97.6797
VHL19565,4.572094
VHL12271,13.570696
VHL16387,2.8675802
VHL10067,1.4316597
VHL11055,13.001214
VHL16282,6.5617566
VHL10373,1.9077563
VHL13130,6.325366
VHL14791,6.676949
VHL17669,101.53033
VHL10245,5.578815
VHL13394,4.665967
VHL13369,6.8076572
VHL12230,17.252094
VHL15024,1.1973071
VHL15401,8.41355
VHL17830,6.66228
VHL16594,3.3458788
VHL13400,8.100111
VHL13413,4.9533744
VHL11338,18.933968
VHL12928,5.486891
VHL14141,27.514397
VHL13196,27.245817
VHL17193,6.13629
VHL13848,17.551785
VHL15690,8.88178
VHL14292,4.2839413
VHL10249,21.592257
VHL16684,5.7188163
VHL13663,1.633192
VHL16780,9.672574
VHL15195,5.6433024
VHL19709,1.1478138
VHL16300,5.43543
VHL18402,4.537796
VHL10408,10.244207
VHL17856,9.0663185
VHL12909,9.0013075
VHL17579,46.924747
VHL14360,8.216055
VHL16170,15.687896
VHL11625,18.89196
VHL10141,4.22826
VHL13372,1.4382885
VHL10702,11.087214
VHL10168,2.7763033
VHL17506,7.14093
VHL19811,7.663044
VHL18898,0.8269931
VHL14976,17.03143
VHL19528,10.484476
VHL14747,2.2103586
VHL12298,5.958617
VHL12897,72.43665
VHL14501,4.0559855
VHL19230,10.986832
VHL17122,4.426221
VHL13093,12.796828
VHL13713,5.311473
VHL10827,6.185374
VHL14671,4.6491203
VHL19953,2.6629932
VHL14674,12.131161
VHL19651,4.5111885
VHL14860,28.425331
VHL15452,10.667681
VHL11031,3.9799767
VHL16763,6.517469
VHL13764,38.6391
VHL12562,7.6240826
VHL11827,1.9430361
VHL13929,8.443319
VHL10039,9.324579
VHL15009,53.376232
VHL13821,13.991149
VHL14348,0.37638605
VHL16840,24.878675
VHL12002,7.8938975
VHL10237,3.2054622
VHL18738,3.2111657
VHL10568,5.5038147
VHL19355,1.0737484
VHL16226,8.526235
VHL16719,5.5112395
VHL14548,4.0381155
VHL16912,27.464067
VHL19505,23.884796
VHL16442,1.6902853
VHL16825,2.8119013
VHL12658,28.248608
VHL12481,28.200182
VHL18658,9.785238
VHL15493,2.6690507
VHL12577,47.792934
VHL13844,5.678181
VHL12544,3.6928864
VHL14450,5.018531
VHL16818,4.134932
VHL18694,6.6533275
VHL13597,31.290493
VHL15898,6.045981
VHL18680,2.9515555
VHL12465,38.751102
VHL12148,0.71648884
VHL19876,8.116118
VHL19612,10.379355
VHL18169,23.12715
VHL13267,5.66427
VHL14640,3.9315102
VHL15593,15.954625
VHL16387,24.134842
VHL13148,11.625488
VHL11142,2.3524928
VHL18659,3.8936615
VHL13899,4.674384
VHL18985,6.3150983
VHL17250,3.2934341
VHL17539,4.818775
VHL18609,6.321702
VHL11948,3.3458788
VHL11525,4.465959
VHL12806,13.283892
VHL19564,36.012074
VHL19054,7.3719454
VHL18679,4.3636103
VHL19665,4.9868727
VHL12463,2.8926182
VHL10753,0.86673105
VHL11312,8.10248
VHL12620,0.20236608
VHL17592,2.4500666
VHL11746,4.6491203
VHL14332,-0.037551165
VHL19959,6.296329
VHL16741,3.0220933
VHL10763,8.104052
VHL17541,4.739154
VHL11701,28.237514
VHL10194,4.370401
VHL13479,42.860855
VHL15975,3.3458788
VHL10231,6.585704
VHL18446,3.3458788
VHL19365,30.623747
VHL12815,5.0034266
VHL17210,9.624865
VHL14273,4.2838726
VHL16001,2.7280984
VHL17232,22.091726
VHL17877,4.665967
VHL13772,8.241578
VHL14502,7.491528
VHL12140,4.2755795
VHL12267,35.055923
VHL18736,12.163405
VHL17988,122.87715
VHL11233,2.6123562
VHL18205,5.055299
VHL17229,6.2861667
VHL12503,5.853712
VHL16555,5.541744
VHL11608,4.634646
VHL13099,22.091726
VHL10464,4.308382
VHL13660,3.2555537
VHL15246,7.4278
VHL18351,5.723626
VHL14567,7.033312
VHL18076,3.191971
VHL15135,6.1943526
VHL14661,20.370167
VHL13468,6.6854415
VHL18899,3.8396723
VHL10051,4.153546
VHL12127,1.8100289
VHL12196,4.9150233
VHL17014,7.3086896
VHL11559,2.367835
VHL10059,19.974636
VHL15739,4.3045835
VHL14808,3.8572993
VHL15611,11.149311
VHL14636,55.475365
VHL11570,3.0690286
VHL16463,13.520301
VHL16394,4.8700466
VHL13693,4.1560593
VHL12291,4.9850135
VHL15561,1.139595
VHL19493,43.242237
VHL12756,9.624865
VHL10950,3.4602325
VHL16866,0.9319362
VHL12609,7.7426424
VHL12574,5.3427577
VHL17135,3.7196782
VHL13752,9.2193365
VHL13546,9.401635
VHL11097,5.9394865
VHL18181,4.6491203
VHL10940,3.088098
VHL16905,6.585704
VHL19185,8.708673
VHL10923,10.220004
VHL18309,2.2540154
VHL19349,6.689768
VHL13590,4.7541943
VHL20000,2.1882813
VHL12384,4.655999
VHL13167,10.33585
VHL18928,3.9288645
VHL11333,4.3291693
VHL18531,0.29505867
VHL19725,0.7474865
VHL13535,10.215953
VHL15299,14.238864
VHL19132,52.83109
VHL19736,24.7543
VHL11914,8.585263
VHL14981,50.416134
VHL11507,2.023932
VHL18768,6.1362023
VHL13208,3.0000343
VHL17200,7.028928
VHL19398,12.075459
VHL10666,36.575684
VHL12919,9.019758
VHL17972,14.585691
VHL10315,4.5111885
VHL13868,1.4362139
VHL16268,12.275408
VHL15979,7.889172
VHL14334,5.166661
VHL19984,4.203315
VHL15905,14.650447
VHL14849,4.609382
VHL10077,3.201069
VHL12763,51.253025
VHL13814,3.211857
VHL18236,6.3499613
VHL18380,6.2499633
VHL11075,2.7810538
VHL10482,10.833779
VHL10117,4.7527094
VHL13673,4.19024
VHL17221,28.598066
VHL11240,7.5518184
VHL12562,2.5148768
VHL13799,12.6763
VHL13466,24.119707
VHL14698,5.085151
VHL15372,3.3557372
VHL13032,5.166661
VHL13600,3.3083966
VHL17335,5.3498783
VHL15519,4.51258
VHL19609,2.8698099
VHL12581,5.5979843
VHL18738,2.2856736
VHL15107,0.15541226
VHL16177,10.233392
VHL11709,6.585704
VHL14469,4.7911453
VHL13687,5.078801
VHL16412,7.028928
VHL14864,26.41294
VHL15725,6.0462127
VHL17141,5.049163
VHL10991,6.2571883
VHL10678,3.4038873
VHL13889,6.333615
VHL17084,10.372474
VHL15443,1.6028442
VHL10783,3.1585011
VHL19744,4.978392
VHL18331,8.69035
VHL16307,1.7487295
VHL18003,4.225589
VHL10838,20.372557
VHL13320,79.62989
VHL19953,1.0671521
VHL19152,2.9923007
VHL15913,100.740715
VHL15341,7.178587
VHL14269,2.8926182
VHL10263,29.681957
VHL10559,5.011201
VHL17221,6.517469
VHL12379,28.998396
VHL18253,2.582947
VHL11172,3.2304878
VHL17213,31.756376
VHL18445,6.7662745
VHL10808,11.317838
VHL13851,7.0217934
VHL18936,3.0901687
VHL17750,21.675526
VHL14279,11.281826
VHL17407,7.59794
VHL17737,10.86116
VHL11196,3.493332
VHL10773,6.3866243
VHL12028,20.068274
VHL19833,3.1350977
VHL13566,4.3147144
VHL18282,4.3871894
VHL11015,1.070264
VHL16696,14.443935
VHL13980,2.582947
VHL18337,9.906064
VHL11330,9.256824
VHL14873,8.767008
VHL15435,4.1583614
VHL13861,16.166512
VHL12073,4.9876895
VHL15320,10.491918
VHL17850,4.6842628
VHL16757,8.621515
VHL15181,1.9675058
VHL14613,2.7947614
VHL17238,1.9966614
VHL12083,8.726596
VHL16344,4.4786863
VHL19413,6.138515
VHL17430,7.7325373
VHL14996,6.9063277
VHL13423,1.023303
VHL13162,40.07135
VHL14672,5.231709
VHL12020,3.930896
VHL16103,3.3307583
VHL10650,6.4947724
VHL15234,4.835535
VHL11305,8.624198
VHL18180,10.565996
VHL17458,-0.04415953
VHL15835,9.327208
VHL17211,1.6789138
VHL17209,5.488056
VHL18693,4.7541943
VHL18975,11.261488
VHL18976,4.2343216
VHL15391,3.493332
VHL13071,55.09319
VHL19241,12.563733
VHL14944,8.954056
VHL19128,19.779737
VHL18577,1.4382885
VHL15429,4.077675
VHL12217,7.548075
VHL15705,22.80785
VHL19888,6.1692576
VHL11906,10.748983
VHL15757,17.313375
VHL11938,15.317421
VHL10969,0.5058925
VHL11777,55.02529
VHL16275,5.4656963
VHL14235,6.352782
VHL10496,11.640724
VHL18481,4.106481
VHL17185,3.8191726
VHL15960,4.46607
VHL11313,12.234691
VHL11288,19.078772
VHL12337,9.527762
VHL14268,1.6902853
VHL10015,20.468603
VHL16136,4.648833
VHL17903,24.481064
VHL14018,6.6373816
VHL17473,7.934316
VHL11480,9.202216
VHL13881,4.065746
